age,income,loan_amount,credit_score,employment_years,existing_loans,debt_to_income,loan_status

25,30000,150000,620,2,1,45,0

28,40000,200000,680,4,1,35,1

32,55000,250000,720,7,0,28,1

35,60000,300000,750,10,0,25,1

29,35000,180000,640,3,2,42,0

40,80000,400000,780,15,0,20,1

45,90000,500000,800,20,0,18,1

31,45000,220000,690,5,1,32,1

27,28000,120000,600,2,2,48,0

38,70000,350000,760,12,0,22,1

24,25000,100000,580,1,1,50,0

33,50000,280000,710,6,1,30,1

36,65000,320000,730,9,0,27,1

42,75000,450000,770,16,0,21,1

30,32000,160000,610,3,2,44,0

26,38000,190000,650,4,1,38,0

39,85000,420000,790,14,0,19,1

34,52000,240000,700,7,1,31,1

41,68000,360000,740,11,1,26,1

23,22000,90000,570,1,2,52,0

37,58000,300000,725,8,0,29,1

44,95000,550000,810,22,0,17,1

29,42000,210000,670,5,2,36,0

32,48000,230000,695,6,1,34,1

27,31000,140000,630,2,1,46,0

35,72000,330000,755,10,0,24,1

46,88000,480000,795,19,0,20,1

30,37000,170000,645,4,2,41,0

38,62000,290000,715,9,1,30,1

25,27000,110000,590,2,1,49,0

43,78000,390000,765,17,0,23,1

33,46000,200000,685,5,1,37,1

28,34000,150000,615,3,2,43,0

40,82000,410000,785,15,0,19,1

36,59000,270000,705,8,1,32,1

31,39000,175000,660,4,1,40,0

45,100000,600000,820,23,0,16,1

26,30000,130000,605,2,2,47,0

34,56000,260000,715,7,1,29,1

39,73000,340000,750,13,0,25,1

24,26000,95000,575,1,1,51,0

42,87000,460000,780,18,0,21,1

30,44000,205000,675,5,1,35,1

37,61000,310000,735,10,0,27,1

29,36000,160000,625,3,2,45,0

41,76000,380000,770,16,0,22,1

35,68000,300000,745,9,0,26,1

27,29000,125000,595,2,2,50,0

44,92000,520000,805,21,0,18,1

32,51000,245000,705,6,1,33,1
